"Timestamp","Your full name in English (ត្រកូល ​និង ឈ្មោះ):","Sex:","Phone number:","Email:","Occupation:","Do you have a computer desktop or laptop for learning? Please check all items that you have below.","Name of your University/Institute","Current Year of study:","Major/field of study","Full Name of your University:","Name of your high school:","Province/city name of your high school:","Your grade:","What is your occupation?","Why do you want to join this program?","What do you expect from the training program?","The training will be every Morning from Monday to Friday except Wednesday. Are you available to join this training?"
"2021/08/12 2:15:54 PM GMT+7","Veng Ponleur","Male","070231556","ponleurveng@gmail.com","University student","Computer laptop","ITC","Year 4","GIC","","","","","","","",""
"2021/08/12 2:16:35 PM GMT+7","Teng phouphanit","Male","087660343","phouphanitteng@gmail.com","University student","Computer desktop;Computer laptop;Tablet;Smart phone","ITC","Year 3","GIC","","","","","","","",""
"2021/08/12 2:17:18 PM GMT+7"," Chheng Sophin ","Male","081951807","chhengsophin@gmail.com","University student","Computer laptop;Smart phone","ITC","Year 3","IT","","","","","","","",""
"2021/08/12 2:19:57 PM GMT+7","Chheng Sophin ","Male","081951807","chhengsophin@gmail.com","Highschool student","Tablet","","","","","Sonthormuk ","City","12","","","",""
"2021/08/12 2:21:58 PM GMT+7","Chheng Sophin ","Male","081951807","chhengsophin@gmail.com","Other","Tablet","","","","","","","","TT","Want some knowledge related to IT","Get familiar with programming ","Maybe"
"2021/08/12 2:26:25 PM GMT+7","Bros Toch","Male","0972581537","brostoch0031@gmail.com","University student","Computer laptop;Smart phone","ITC","Year 3","GIC","","","","","","","",""
"2021/08/12 3:54:20 PM GMT+7","A B","Male","0909023829","hoo11112222oo@gmail.com","Other","Computer desktop;Smart phone","","","","","","","","Student","Learning basic program","The basic ","Yes"
"2021/08/12 3:59:18 PM GMT+7","Na Sa","Female","023238982","hoo11112222oo@gmail.com","Highschool student","Computer laptop;Tablet","","","","","NGS","PP","Other","","","",""
"2021/08/12 4:07:37 PM GMT+7","NA TO","Male","098789834","hoo11112222oo@gmail.com","University student","Computer laptop","Other","","MIT","NGS","","","","","","",""
"2021/08/12 4:09:09 PM GMT+7","STA TUE","Male","098982237","hoo11112222oo@gmail.com","University student","Tablet","ITC","","GIC","","","","","","","",""
"2021/08/12 4:18:01 PM GMT+7","Road Silk ","Male","09876567","hoo11112222oo@gmail.com","University student","Computer laptop","ITC","Year 1","GIC","","","","","","","",""
"2021/08/13 11:48:18 AM GMT+7","SAMNANG CHANSEREY","Male","0969837443","chanserey087@gmail.com","University student","Computer laptop;Tablet;Smart phone","ITC","Year 3","Electronic","","","","","","","",""
"2021/08/13 11:48:47 AM GMT+7","Rith Sovandalin","Female","086257758","sovandalinrith@gmail.com","Highschool student","Computer laptop;Smart phone","","","","","Chompuvorn high school","PhnomPenh","12","","","",""
"2021/08/13 11:51:40 AM GMT+7","THENG PANHARITH","Male","092667738","panhariththeng@yahoo.com","University student","Computer desktop;Computer laptop;Tablet;Smart phone","ITC","Year 3","GEE","","","","","","","",""
"2021/08/13 11:54:30 AM GMT+7","SUN VYSING","Male","015674774","vysingsun@gmail.com","University student","Computer laptop;Smart phone","ITC","Year 2","GIC","","","","","","","",""
"2021/08/13 11:55:52 AM GMT+7","Mony Rethyden","Male","089808182","rethyden2001@gmail.com","University student","Computer laptop","ITC","Year 2","Civil ","","","","","","","",""
"2021/08/13 11:56:18 AM GMT+7","Sareth Vannuth ","Male","097 7794565","sarethvannuth1399@gmail.com","University student","Computer laptop","Other","Year 3","Telecommunications Engineering ","Tianjin Sino German University of Applied Science","","","","","","",""
"2021/08/13 11:56:53 AM GMT+7","YORNG TONGHY","Male","0886776539","tonghy2k18@gmail.com","University student","Computer laptop","ITC","Year 2","GIC","","","","","","","",""
"2021/08/13 12:00:25 PM GMT+7","Lim Dale","Male","0717774915","limdale29@gmail.com","University student","Computer laptop;Smart phone","ITC","Year 4","Telecommunication and network engineering","","","","","","","",""
"2021/08/13 12:01:11 PM GMT+7","John Doe","Male","019000000","jonhdoe@gmail.com","University student","Computer desktop","Other","","IT","","","","","","","",""
"2021/08/13 12:02:44 PM GMT+7","Chou bunsour","Male","012515968","Bunsourc@yahoo.com","Other","Computer laptop","","","","","","","","Engineer","I want to know about computer programming and algorithm to apply to my structural design software.","I have knowledge in algorithm and programming.","Maybe"
"2021/08/13 12:13:10 PM GMT+7","PHORN RAKSA","Male","096 917 1603 ","phornraksa999@gmail.com ","University student","Computer laptop","ITC","Year 2","Foundation ","","","","","","","",""
"2021/08/13 12:18:59 PM GMT+7","KHA Bekkhem","Male","099421033","bekkhemka@gmail.com","University student","Smart phone","ITC","Year 3","IT","","","","","","","",""
"2021/08/13 12:19:29 PM GMT+7","KHEN Polin","Male","0968283670","khen_polin@dtc2.itc.edu.kh","University student","Computer laptop","ITC","Year 3","Telecommunications and Network ","","","","","","","",""
"2021/08/13 12:23:29 PM GMT+7","Chhon Devit","Male","0962917020","chhondevit@gmail.com","University student","Computer laptop;Smart phone","ITC","Year 3","IT","","","","","","","",""
"2021/08/13 12:27:36 PM GMT+7","SOT Sokkheng","Female","010946497","sokkhengsot168@gmail.com","University student","Computer laptop","ITC","Year 4","GTR","","","","","","","",""
"2021/08/13 12:28:07 PM GMT+7","Hang Sonimith","Male","093822207","sonimith7777@gmail.com","University student","Computer laptop","ITC","Year 2","GIC","","","","","","","",""
"2021/08/13 12:29:37 PM GMT+7","Khy seavhuoy ","Female","069801510","huoy0129@gmail.com ","University student","Computer laptop;Smart phone","ITC","Year 2","GTR","","","","","","","",""
"2021/08/13 12:31:32 PM GMT+7","Nuon Toulou","Male","015973090","toulou0203@gmail.com","University student","Computer laptop;Smart phone","ITC","Year 2","GTR","","","","","","","",""
"2021/08/13 12:34:08 PM GMT+7","CHHUON Menglin","Male","0966883715","chhuon.menglin@gmail.com","University student","Computer laptop","ITC","","GEE","","","","","","","",""
"2021/08/13 12:35:50 PM GMT+7","SARON RAVUTH","Male","0968416247","saronravuth955@gmail.com","University student","Computer laptop","ITC","Year 3","GIC","","","","","","","",""
"2021/08/13 12:41:33 PM GMT+7","ROTHA DAPRAVITH ","Male","089937798","dapravithrotha@gmail.com","University student","Computer desktop","ITC","Year 2","GIC","","","","","","","",""
"2021/08/13 12:43:25 PM GMT+7","HAk SREYNA","Female","0967726431","haksreyna8@gmail.com","University student","Computer laptop","ITC","Year 3","GIC","","","","","","","",""
"2021/08/13 12:44:20 PM GMT+7","TON NOEUN","Male","0969233298","it07bhengsynoeun@gmail.com","Highschool student","Computer laptop","","","","","National Technical Training Institute","Sangkat Teukthla Khan Sensok, Phnom Penh CAMBODIA","Other","","","",""
"2021/08/13 12:50:02 PM GMT+7","Thon manivourn","Male","0963054411","manimano898@gmail.com","University student","Computer laptop","Other","Year 1","Computer science","National institute of post telecommunications and ict ","","","","","","",""
"2021/08/13 12:55:37 PM GMT+7","Suong Chumneagn","Male","095207007","Chumneaghsuong43@gmail.com","University student","Computer laptop","ITC","Year 1","GIC","","","","","","","",""
"2021/08/13 1:00:40 PM GMT+7","Veasna Dara","Male","011386747","veasnadara168168@gmail.com","University student","Computer laptop;Smart phone","ITC","Year 1","Freshman","","","","","","","",""
"2021/08/13 1:03:35 PM GMT+7","PIN SOKHENG","Male","098882971","pinsokheng3@gmail.com","University student","Computer laptop;Smart phone","ITC","Year 2","GCI","","","","","","","",""
"2021/08/13 1:04:33 PM GMT+7","KAO Visal","Male","011 523 609","kao_visal@dtc1.itc.edu.kh","University student","Computer laptop","ITC","Year 2","Mechanical and Industrial engineering ( planning to change to GIC)","","","","","","","",""
"2021/08/13 1:04:43 PM GMT+7","ឃុន គឹមហុង","Male","0964674365","Khunkimhong039@gmail.com","University student","Smart phone","ITC","Year 2","1","","","","","","","",""
"2021/08/13 1:06:25 PM GMT+7","Kean Whatanak","Male","015569796","keanwhatanak@gmail.com","University student","Computer laptop","Other","Year 1","Computer Science ","Niptict","","","","","","",""
"2021/08/13 1:06:37 PM GMT+7","PICH LYHONG","Male","017257316","lyhong.pich@gmail.com","University student","Computer laptop;Smart phone","ITC","Year 2","GCI","","","","","","","",""
"2021/08/13 1:08:20 PM GMT+7","Yoem Dane","Female","077628789","yoemdane@gmail.com","University student","Computer laptop","ITC","Year 4","GTR","","","","","","","",""
"2021/08/13 1:13:01 PM GMT+7","Chhoeun bothom","Female","087458981","bothomchhoun@gmail.com","University student","Computer laptop","ITC","Year 2","Telecomunication and network","","","","","","","",""
"2021/08/13 1:18:33 PM GMT+7","LEANG TYBE ","Male","0968660801","e20200579@itc.edu.kh ","University student","Computer laptop;Smart phone","ITC","Year 1","GCI","","","","","","","",""
"2021/08/13 1:20:44 PM GMT+7","OENG VENGKRY","Male","0968400895","vengkryoeng168@gmail.com","University student","Computer laptop;Smart phone","ITC","Year 1","GIM","","","","","","","",""
"2021/08/13 1:23:28 PM GMT+7","Din Sokheng","Male","0964128266","din.sokheng08@gmail.com","University student","Computer laptop","ITC","Year 3","Electronic","","","","","","","",""
"2021/08/13 1:24:20 PM GMT+7","Ly Rassa","Female","012256148","rassaly851@gmail.com","University student","Computer laptop","Other","Year 1","Software developer ","IT step academy ","","","","","","",""
"2021/08/13 1:24:34 PM GMT+7","Meng vathanak","Male","0966314257","mengvathanak79@gmail.com","University student","Computer laptop;Smart phone","ITC","Year 2","GEE","","","","","","","",""
"2021/08/13 1:26:44 PM GMT+7","Nang Chanra","Male","0972977686","samnangchanra@gmail.com","University student","Computer laptop","ITC","Year 2","GIC","","","","","","","",""
"2021/08/13 1:28:56 PM GMT+7","Ty Tangly ","Female","015834050 ","e20200599@itc.edu.kh ","University student","Computer laptop","ITC","Year 1","Foundation year ","","","","","","","",""
"2021/08/13 1:33:56 PM GMT+7","Sou Somvathanak","Male","010649027","Sokvathanaksou@gmail.com","University student","Computer desktop;Smart phone","Other","Year 1","Information Technology ","Asia Europe University ","","","","","","",""
"2021/08/13 1:34:17 PM GMT+7","Seang SeavEnh","Female","090885107","enhenh560@gmail.com","University student","Computer laptop","ITC","Year 1","DTC","","","","","","","",""
"2021/08/13 1:35:38 PM GMT+7","OENG VENGKRY","Male","0968400895","vengkryoeng168@gmail.com","University student","Computer laptop;Smart phone","ITC","Year 1","DTC","","","","","","","",""
"2021/08/13 1:35:47 PM GMT+7","PHEAP BORAMEY ","Female","0962745906","meybora60@gmail.com","University student","Computer laptop","ITC","Year 1","DTC ","","","","","","","",""
"2021/08/13 1:35:54 PM GMT+7","Mao Puthpiseth","Male","0966462497","puthpisethmao26@gmail.com","University student","Computer laptop","ITC","Year 1","DTC","","","","","","","",""
"2021/08/13 1:36:37 PM GMT+7","Choeng Kimhok","Male","069777751","ckh.kimhok@gmail.com","University student","Tablet","ITC","Year 1","DTC","","","","","","","",""
"2021/08/13 1:37:50 PM GMT+7","CHEA BRAKOTH","Male","061461238","brakothc@gmail.com","University student","Computer laptop","ITC","Year 1","DTC","","","","","","","",""
"2021/08/13 1:41:30 PM GMT+7","PHENG MALE","Male","070691772","champion5051555@gmail.com","University student","Computer laptop;Smart phone","ITC","Year 2","GiC department","","","","","","","",""
"2021/08/13 1:59:01 PM GMT+7","So Marady ","Female","0968173709","e20200590 ","University student","Computer laptop","ITC","Year 1","DTC","","","","","","","",""
"2021/08/13 2:00:41 PM GMT+7","PHAN Sethka","Male","078719544","phan_sethka@dtc1.itc.edu.kh","University student","Computer laptop","ITC","Year 2","GCI","","","","","","","",""
"2021/08/13 2:04:53 PM GMT+7","VORNG CHANRATH","Male","0976321363","chanrathvorng145@gmail.com","University student","Smart phone","ITC","Year 1","GCA","","","","","","","",""
"2021/08/13 2:07:03 PM GMT+7","Pin Brorseth ","Male","0887333571","brorsethpin95gmail.com","University student","Computer laptop","ITC","Year 1","GEE","","","","","","","",""
"2021/08/13 2:07:33 PM GMT+7","Ra Sok","Male","081688160","SOKRA081688160@gmail.com","University student","Computer laptop","ITC","Year 1","DTC","","","","","","","",""
"2021/08/13 2:10:06 PM GMT+7","Vet Chetra","Female","086904083","chetravet168@gmail.com","University student","Smart phone","Other","Year 1","Software engineer","Beltei international university","","","","","","",""
"2021/08/13 2:11:56 PM GMT+7","Mong Chanrattnak","Female","099 584 378","rattnakmong@gmail.com","Highschool student","Computer laptop;Tablet;Smart phone","","","","","BELTEI International School ","Phnom Penh","12","","","",""
"2021/08/13 2:13:31 PM GMT+7","Rous voleak","Female","078581423","rousvoleak188@gmail.com","University student","Computer laptop","ITC","Year 2","GTR","","","","","","","",""
"2021/08/13 2:14:00 PM GMT+7","Khoeung Mengkorng","Male","099278427","khoeungmengkorng27@gmail.com","University student","Computer laptop","ITC","Year 3","Electrical and Energy","","","","","","","",""
"2021/08/13 2:20:51 PM GMT+7","SOK CHANDIN","Male","011356316","chandinsok@gmail.com","University student","Computer desktop","ITC","Year 3","GTR","","","","","","","",""
"2021/08/13 2:21:51 PM GMT+7","Sol Vathanak","Male","0967241583","vathanaksol1605@gmail.com","University student","Computer laptop;Smart phone","Other","Year 1","Information Technology","Royal University of Phnom Penh","","","","","","",""
"2021/08/13 2:21:53 PM GMT+7","SEND SREYNEA","Female","068615587","vannapov157@gmail.com","University student","Computer laptop","ITC","Year 1","DTC","","","","","","","",""
"2021/08/13 2:27:33 PM GMT+7","Poeng Kimchhun","Male","085273767","kimchhunpoengdev@gmail.com","Highschool student","Computer laptop;Tablet;Smart phone","","","","","Preah Sisowath Highschool","Phnom Penh ","12","","","",""
"2021/08/13 2:29:26 PM GMT+7","Chheang Makthura","Male","010632512","makthurachheang11@gmail.com","Highschool student","Computer laptop;Smart phone","","","","","Preah Monivong High School","Battambang, Battambang","12","","","",""
"2021/08/13 2:30:04 PM GMT+7","Svay Seavmey ","Female","016302123 ","seavmeysvay905@gmail.com ","University student","Computer laptop","ITC","Year 2","Télécommunications and networking (GTR) ","","","","","","","",""
"2021/08/13 2:34:31 PM GMT+7","Chean Lyhor","Male","016604940","lyhor230320@gmail.com","University student","Computer laptop;Smart phone","Other","Year 1","Information Technology ","Royal University of Phnom Penh","","","","","","",""
"2021/08/13 2:35:58 PM GMT+7","Chhin whatana","Female","066849688","chhinwathana@gmail.com","Highschool student","Computer desktop;Computer laptop;Tablet;Smart phone","","","","","Ruessei keo high school","Phnom Penh","12","","","",""
"2021/08/13 2:41:02 PM GMT+7","Moeun Keteyos","Male","070818787","moeunketeyos@gmail.com","Highschool student","Computer laptop;Tablet;Smart phone","","","","","Western international school","Phnom Penh","12","","","",""
"2021/08/13 2:46:11 PM GMT+7","Bai Davit","Male","0969119349","doos4230@gmail.com","Other","Smart phone","","","","","","","","I'm a student.","I wanna learn more for new experience and about technology science.","I'll get more experience about learning","Maybe"
"2021/08/13 2:46:58 PM GMT+7","Ung Tivary ","Female","0963678867 ","tivaryung7@gmail.com ","University student","Computer laptop;Smart phone","Other","Year 1","Computer Science ","Royal University Of Phnom Penh ","","","","","","",""
"2021/08/13 2:51:22 PM GMT+7","THOL CHANTHENH","Female","0969784898","chanthenh123@gmail.com","University student","Smart phone","ITC","Year 1","DTC","","","","","","","",""
"2021/08/13 2:52:42 PM GMT+7","Khut sophanna","Male","015348668","khotphanna@gmail.com","University student","Computer laptop;Smart phone","Other","Year 1","Information technology","Royal University of Phnom Penh","","","","","","",""
"2021/08/13 2:57:11 PM GMT+7","MOEUN CHHORVORN","Male","011904503","moeunchhorvorn@gmail.com","University student","Computer laptop","Other","Year 1","Information Technology ","Royal University of Phnom Penh ","","","","","","",""
"2021/08/13 2:57:58 PM GMT+7","TUON SREYNIT","Female","095232689","tuonsreynit83@gmail.com","University student","Computer laptop","ITC","Year 3","GIC","","","","","","","",""
"2021/08/13 3:04:54 PM GMT+7","Ron Vireak","Male","0966343396","ronvireak96@gmail.com","University student","Computer desktop;Computer laptop;Smart phone","Other","Year 4","IT","Royal University of Phone Penh ","","","","","","",""
"2021/08/13 3:09:40 PM GMT+7","Sophart Chhordaphea ","Female","070884241","sophartchhordaphea@gmail.com","University student","Computer laptop","ITC","Year 2","GIC","","","","","","","",""
"2021/08/13 3:10:21 PM GMT+7","KHY MENGHUOT","Male","015201639","khymenghuot@gmail.com","University student","Computer laptop","ITC","Year 2","GIC","","","","","","","",""
"2021/08/13 3:14:44 PM GMT+7","Kong Senghor","Male","0889894333","senghor2346@gmail.com ","Highschool student","Computer laptop;Smart phone","","","","","វិទ្យាល័យព្រះមហាក្សត្រិយានីកុសុមៈ","Kratie","12","","","",""
"2021/08/13 3:24:38 PM GMT+7","PA Soborith","Male","017301230","Pasoborith168@gmail.com","University student","Computer laptop;Smart phone","ITC","Year 3","Civil Engineering ","","","","","","","",""
"2021/08/13 3:35:21 PM GMT+7","Ty Mengchhay","Male","0968260726","puchhay009@gmail.com","University student","Computer laptop","ITC","Year 1","GIC","","","","","","","",""
"2021/08/13 3:54:36 PM GMT+7","Duk Pidor","Male","070656663","dukpidor123@gmail.com","University student","Computer laptop;Smart phone","Other","Year 3","Softwares Engineering ","Kirirom Institute Of Technology ","","","","","","",""
"2021/08/13 4:11:49 PM GMT+7","Vong Daly","Female","0969765033","Vongdaly1522@gmail.com","University student","Computer desktop","Other","Year 1","International Studies","Royal University of Phnom Penh","","","","","","",""
"2021/08/13 4:23:31 PM GMT+7","Vet Seyha","Male","0973166224","seyhavet911@gmail.com","University student","Computer laptop;Smart phone","Other","Year 2","Information technology","Royal university of Phnom Penh","","","","","","",""
"2021/08/13 4:23:55 PM GMT+7","Hong Phannarath ","Male","085776396","phannarath2009@gmail.com","University student","Computer desktop;Computer laptop;Tablet;Smart phone","Other","Year 3","Financial Technology ","National University of Management ","","","","","","",""
"2021/08/13 4:25:30 PM GMT+7","Heng Theavy ","Female","0972600434 ","theavyheng51@gmail.com ","University student","Computer laptop","ITC","Year 1","Information technology ","","","","","","","",""
"2021/08/13 4:34:39 PM GMT+7","Phann Sothea ","Female","070283135","Phannsothea17@gmail.com","University student","Computer laptop;Smart phone","ITC","Year 3","GTR","","","","","","","",""
"2021/08/13 4:37:47 PM GMT+7","Peou Sokleang ","Male","0968276604","Sokleang.290801@gmail.com","University student","Computer laptop;Smart phone","ITC","Year 3","GIC","","","","","","","",""
"2021/08/13 4:42:27 PM GMT+7","LY SIVMENG ","Male","087778189","Not","University student","Computer laptop;Smart phone","ITC","Year 3","GIC","","","","","","","",""
"2021/08/13 4:49:52 PM GMT+7","RUN Titsereymony","Male","0975766991","runtithsereymuny2003@gmail.com","University student","Computer laptop","ITC","Year 1","Foundation year","","","","","","","",""
"2021/08/13 5:26:07 PM GMT+7","ឆាយ សិលា","Male","011933075","iamsela1205@gmail.com","University student","Computer laptop;Smart phone","Other","Year 1","Language","Institute of Foreign Languages (IFL)","","","","","","",""
"2021/08/13 5:42:37 PM GMT+7","KHENG HONGSENG ","Male","092808012","Khenghongseng@gmail.com","Other","Computer laptop","","","","","","","","Company staff","Interesting learn program ","After finished class I can code program ","Yes"
"2021/08/13 5:57:12 PM GMT+7","An sovanvichka","Male","0969628631","ansovanvichka@gmail.com","University student","Computer laptop","Other","Year 2","IT","Royal University of Phnom Penh","","","","","","",""
"2021/08/13 5:58:48 PM GMT+7","Lengly Ereka ","Female","0968388402","erekaheng007@gmail.com","University student","Computer laptop;Smart phone","ITC","Year 2","GIC","","","","","","","",""
"2021/08/13 6:18:45 PM GMT+7","វឿន សុធា","Male","085 690 116","sotheavoeun9@gmail.com","University student","Computer laptop","Other","Year 2","Land Management and Land Administration ","Royal university of Agriculture.","","","","","","",""
"2021/08/13 6:26:32 PM GMT+7","KUN THONVANTHEM","Male","0718772670","vanthem2017@gmail.com","University student","Computer laptop;Smart phone","ITC","Year 4","GTR","","","","","","","",""
"2021/08/13 6:28:06 PM GMT+7","Lean Sokleap","Male","095776680","leansokleap8@gmail.com","University student","Computer laptop","ITC","Year 2","GCI","","","","","","","",""
"2021/08/13 6:46:49 PM GMT+7","CHAN Rachna","Female",". ","rachnachan.91@gmail.com","University student","Smart phone","ITC","Year 2",". ","","","","","","","",""
"2021/08/13 7:10:54 PM GMT+7","Yoeurn Sonita","Female","0966508934","sonitayoeurn@gmail.com","University student","Computer laptop","Other","Year 1","Computer science","The University of Cambodia","","","","","","",""
"2021/08/13 7:20:00 PM GMT+7","Yen Yuthnea","Male","0968879080","yen.yuthnea99999@gmail.com","University student","Computer laptop","ITC","Year 3","IT","","","","","","","",""
"2021/08/13 8:04:03 PM GMT+7","Vong Sovanraksa ","Male","0716368376","sovanraksavong828@gmail.com","University student","Computer laptop","ITC","Year 3","GEE","","","","","","","",""
"2021/08/13 8:16:00 PM GMT+7","Hong Chanheng","Male","098349406","chanheng2002@gmail.com","University student","Computer laptop","Other","Year 2","Computer Science and engineering","Royal university of Phnom Penh.","","","","","","",""
"2021/08/13 8:42:35 PM GMT+7","HIM PANHA","Male","0896098","himpanha123567@gmail.com","University student","Computer desktop","ITC","Year 2","GGG","","","","","","","",""
"2021/08/13 9:53:22 PM GMT+7","Ra Sienghai ","Male","0974905758","sienghai82@gmail.com","University student","Computer laptop;Smart phone","ITC","Year 3","GEE","","","","","","","",""
"2021/08/14 6:52:21 AM GMT+7","BIN MONIROM ","Male","088 2662661","monirom094@gmail.com","University student","Computer laptop;Smart phone","ITC","Year 2","Information Technology and Communications ","","","","","","","",""
"2021/08/14 8:04:33 AM GMT+7","KE Chanthoeut","Female","087203990","chanthoeutke4157@gmail.com","University student","Computer laptop","ITC","Year 3","GIC","","","","","","","",""
"2021/08/14 8:34:38 AM GMT+7","CHHORN DAROT","Male","012355149","012chhorndarot@gmail.com ","University student","Computer laptop;Smart phone","ITC","Year 3","Gic","","","","","","","",""
"2021/08/14 9:04:18 AM GMT+7","VIN SOK PONLOUE","Male","098916168","huangjinghui2001@gmail.com ","University student","Computer laptop;Smart phone","Other","Year 1","Law ","Royal University of Law and Economics ","","","","","","",""
"2021/08/14 10:40:05 AM GMT+7","Hong Zapon ","Female","077 927654 ","Zaponhong2001@gmail.com ","University student","Computer laptop;Smart phone","ITC","Year 3","GIC","","","","","","","",""
"2021/08/14 2:09:51 PM GMT+7","Sek Sotheavy","Female","085803428","seksotheavy31@gmail.com","University student","Computer laptop","ITC","Year 3","GIC","","","","","","","",""
"2021/08/14 2:11:21 PM GMT+7","Kim Leakhena","Female","078278846","Kimleakhena08@gmail.com ","University student","Computer laptop","ITC","Year 3","GIC","","","","","","","",""
"2021/08/14 3:32:16 PM GMT+7","Lim Meng","Male","0977088349","menglim349@gmail.com","University student","Computer laptop","ITC","Year 2","GIC ","","","","","","","",""
"2021/08/14 4:39:00 PM GMT+7","ហ៊ន ស្រីទូច","Female","015848869","Hornsreytouch015@gmail.com ","Highschool student","Computer laptop;Smart phone","","","","","វិទ្យាល័យហ៊ុនសែនស្អាង","កណ្ដាល","12","","","",""
"2021/08/14 5:42:18 PM GMT+7","AING HONGSIN","Male","017972058","ainghongsin9999@gmail.com","University student","Computer laptop","ITC","Year 2","GIC","","","","","","","",""
"2021/08/14 6:31:28 PM GMT+7","Horn matey","Female","0978974046","hornmatey2020@gmail.com","University student","Computer laptop;Smart phone","Other","Year 2","IT","Royal University of phnom penh","","","","","","",""
"2021/08/14 6:37:11 PM GMT+7","PORT SAVOEURN ","Female","0889909467","portsavoeurn66@gmail.com","University student","Computer laptop;Smart phone","ITC","Year 3","GTR","","","","","","","",""
"2021/08/14 7:52:18 PM GMT+7","AN MARADY","Male","093664690","maradyan222@gmail.com","University student","Computer laptop","ITC","Year 4","FC-GCI16 ","","","","","","","",""
"2021/08/14 9:15:27 PM GMT+7","PHAL KIMHENG","Male","011540714","phalkimheng555@gmail.com","University student","Computer laptop","ITC","Year 3","GIC","","","","","","","",""
"2021/08/14 9:15:53 PM GMT+7","NOUY Samnang ","Male","016440568 ","samnangnouy200@gmail.com","University student","Computer laptop","ITC","Year 3","GIC","","","","","","","",""
"2021/08/14 11:39:20 PM GMT+7","PHY Seyla ","Male","077489371","phy_seyla@dtc.itc.edu.kh","University student","Computer laptop","ITC","Year 3","Telecom and Network ","","","","","","","",""
"2021/08/15 10:55:52 AM GMT+7","HENG SAMNANG","Male","0882779840","samnangh21@gmail.com","University student","Computer laptop","ITC","Year 2","GEE","","","","","","","",""
"2021/08/15 2:13:05 PM GMT+7","DOEURN DEN","Male","0968510373","douernden32@gmail.com","University student","Computer laptop","ITC","Year 3","GIC","","","","","","","",""
"2021/08/15 2:53:17 PM GMT+7","Doeurn Sreynith","Female","0888744691","doeurnsreynith@gmail.com","University student","Computer laptop","ITC","Year 2","Information and Communication Engineering","","","","","","","",""
"2021/08/15 8:58:12 PM GMT+7","Meng Chhengheang","Male","095508128","chhengheangmeng@gmail.com","University student","Computer laptop","ITC","Year 3","GIC","","","","","","","",""
"2021/08/15 10:09:17 PM GMT+7","Sous Monypanchakrith ","Male","011506490","sousmonypanchakrith@gmail.com","University student","Smart phone","ITC","Year 3","GIM","","","","","","","",""
"2021/08/16 6:17:08 AM GMT+7","THON CHANBORMEY ","Female","092 492 600","Thonchanbormey168@gmail.com","University student","Computer laptop;Smart phone","ITC","","Currently in GEE","","","","","","","",""
"2021/08/16 8:18:02 AM GMT+7","Keo bunma","Male","092995790","Bunmakeo123@gmail.com","University student","Computer laptop","Other","Year 1","Computer science ","Royal university of Phnom Penh ","","","","","","",""
"2021/08/16 8:29:14 AM GMT+7","Hor Soknai","Female","016738804","soknaihor@gmail.com","Highschool student","Smart phone","","","","","Hun Sen Treuoysla High school ","Kandal ","11","","","",""
"2021/08/16 9:17:13 AM GMT+7","Hun Sopheak","Male","093259390","hunsopheak161101@gmail.com","University student","Computer laptop;Smart phone","Other","Year 1","Computer Since","Royal University of Phnom Penh","","","","","","",""
"2021/08/16 10:02:35 AM GMT+7","LY SIVMENG","Female","087778189","Not","University student","Computer laptop;Smart phone","ITC","Year 3","GIC","","","","","","","",""
"2021/08/16 10:03:58 AM GMT+7","Pech Satra","Male","070678070","satrapech@gmail.com","University student","Computer desktop;Computer laptop;Tablet;Smart phone","ITC","Year 3","IT","","","","","","","",""
"2021/08/16 10:04:30 AM GMT+7","THENG PANHARITH","Male","092667738","panhariththeng168@gmail.com","University student","Computer desktop;Computer laptop;Tablet;Smart phone","ITC","Year 3","GEE","","","","","","","",""
"2021/08/16 10:04:33 AM GMT+7","kheanengly ","Male","098409915","englykhean@gmail.com","University student","Computer desktop;Computer laptop;Tablet;Smart phone","ITC","Year 2","GIC 1","","","","","","","",""
"2021/08/16 10:04:34 AM GMT+7","Ty Sophearum","Male","098834117","tysophearum91@gmail.com","University student","Computer laptop","ITC","Year 3","GIC","","","","","","","",""
"2021/08/16 10:04:42 AM GMT+7","Din SeangMeng","Male","0719848401","bongmeng60@gmail.com","University student","Computer laptop;Smart phone","ITC","Year 3","GIC","","","","","","","",""
"2021/08/16 10:04:49 AM GMT+7","Vabotra Chea","Male","093832442","vabotra.chea@gsc.itc.edu.kh","University student","Computer laptop","ITC","","PhD (Energy Technology and Management)","","","","","","","",""
"2021/08/16 10:04:58 AM GMT+7","Sun Setthika","Female","061560003","sunsetthika@gmail.com","University student","Computer laptop","ITC","Year 3","Information technology (computer science)","","","","","","","",""
"2021/08/16 10:05:28 AM GMT+7","Luon raksa","Female","011595794","lairaksa02@gmail.com","University student","Computer laptop","ITC","Year 2","GIC","","","","","","","",""
"2021/08/16 10:06:16 AM GMT+7","LAY Vicha","Male","081783923","layvicha081783923@gmail.com","University student","Computer laptop;Smart phone","ITC","Year 3","GIC","","","","","","","",""
"2021/08/16 10:06:31 AM GMT+7","Toun dina","Male","087241229","toundina12@gmail.com","University student","Computer laptop","ITC","Year 2","GIC","","","","","","","",""
"2021/08/16 10:07:45 AM GMT+7","KHUT Sornpisey","Female","093995363","khutsornpisey@gmail.com","University student","Computer laptop;Smart phone","ITC","Year 4","Chemical engineering ","","","","","","","",""
"2021/08/16 10:08:51 AM GMT+7","Toun dina","Male","087241229","toundina12@gmail.com","University student","Computer laptop","ITC","Year 2","GIC","","","","","","","",""
"2021/08/16 10:09:44 AM GMT+7","Toun dina","Male","087241229","toundina12@gmail.com","University student","Computer laptop","ITC","Year 2","GIC","","","","","","","",""
"2021/08/16 10:27:44 AM GMT+7","Ty Chhenglong ","Male","069233854","Tychhenglong1@gamil.com","University student","Smart phone","ITC","Year 3","GIC","","","","","","","",""
"2021/08/16 10:32:50 AM GMT+7","KONG VONGPISITH","Male","078560707","kvpisith@gmail.com","University student","Computer laptop;Smart phone","ITC","Year 3","Gic","","","","","","","",""
"2021/08/16 10:53:52 AM GMT+7","hornmatey","Female","0978974046","hornmatey2020@gmail.com","University student","Computer laptop;Smart phone","ITC","Year 2","information techno","","","","","","","",""
"2021/08/16 10:54:43 AM GMT+7","Den Sokunpidor","Male","010962399","dsokunpidor@gmail.com","University student","Computer laptop;Smart phone","ITC","Year 1","GIC","","","","","","","",""
"2021/08/16 11:02:45 AM GMT+7","KHY PUNNREAY","Male","086966680","punnreaykhy1010@gmail.com","University student","Computer laptop","ITC","Year 3","GIC","","","","","","","",""
"2021/08/16 11:03:35 AM GMT+7","Yin Soknara","Male","016838248","yinnara6@gmail.com","University student","Computer laptop","ITC","Year 3","Computer science","","","","","","","",""
"2021/08/16 11:14:32 AM GMT+7","Ngov socheatdalin ","Female","0962671287","dal88246@gmail.com ","University student","Smart phone","ITC","Year 3","New I3","","","","","","","",""
"2021/08/16 11:24:08 AM GMT+7","Chhoeurn sokheng","Female","+ 855 10924 826","chhoeurnsokheng@gmail.com","University student","Computer laptop","Other","Year 3","IT","CMU","","","","","","",""
"2021/08/16 11:42:30 AM GMT+7","VEN THON","Male","0968221810","venthon71@gmail.com","University student","Computer laptop","ITC","Year 2","GIC","","","","","","","",""
"2021/08/16 11:55:16 AM GMT+7","Siv Nayheak","Female","011274234","sivnayheak234@gmail.com","University student","Computer laptop;Smart phone","Other","Year 1","Information technology ","Royal university of Phnom Penh ","","","","","","",""
"2021/08/16 12:03:57 PM GMT+7","Ron Vireak ","Male","0966343396","ronvireak96@gmail.com","University student","Computer desktop;Computer laptop;Smart phone","Other","Year 4","IT","Royal University of Phnom Penh","","","","","","",""
"2021/08/16 12:04:24 PM GMT+7","Siv naysim ","Female","092422773","naysim11@gmail.com","University student","Computer laptop;Smart phone","Other","Year 1","Information technology ","Royal University of Phnom Penh ","","","","","","",""
"2021/08/16 12:07:29 PM GMT+7","NGOR ChhengChang","Male","016912688","chhengchang90@gmail.com","University student","Computer laptop","ITC","Year 3","Information and Communication (GIC)","","","","","","","",""
"2021/08/16 12:21:01 PM GMT+7","SARON RAVUTH","Male","0968416247","saronravuth955@gmail.com","University student","Computer laptop","ITC","Year 3","GIC","","","","","","","",""
"2021/08/16 12:49:24 PM GMT+7","Heng Chivorn","Male","085213630","hengchivornhc@gmail.com","University student","Computer laptop;Smart phone","ITC","Year 2","GEE","","","","","","","",""
"2021/08/16 12:52:49 PM GMT+7","Sdeung Viraknon","Male","015331752","sdeungviraknon@gmail.com","University student","Computer laptop","ITC","Year 2","GIC","","","","","","","",""
"2021/08/16 1:10:21 PM GMT+7","Sok Pagnavath","Male","099202700","pagnavathcoding@gmail.com","University student","Computer laptop","ITC","Year 3","Computer Science","","","","","","","",""
"2021/08/16 1:34:47 PM GMT+7","Aing sopheak","Male","078644611","Aingsopheak13@gmail.com ","University student","Computer laptop","ITC","Year 2","GIC","","","","","","","",""
"2021/08/16 1:37:43 PM GMT+7","Sok Hong ","Male","089667877","pozzhong122@gmail.com","University student","Computer laptop","Other","Year 2","Computer Science ","Royal University of Phnom Penh","","","","","","",""
"2021/08/16 3:47:31 PM GMT+7","THON CHANBORMEY ","Female","092 492 600","thonchanbormey168@gmail.com","University student","Computer laptop;Smart phone","ITC","Year 2","Currently name in GEE","","","","","","","",""
"2021/08/16 4:29:09 PM GMT+7","Tola Pov","Male","0967663305","tola.pov@student.niptict.edu.kh","University student","Computer laptop;Smart phone","Other","Year 1","Telecoms and Networking","Cambodia Academy of Digital Technology","","","","","","",""
"2021/08/16 4:32:16 PM GMT+7","VANN Nonask","Male","00882720594","vannnonzak14@gmail.com","University student","Tablet","ITC","Year 3","field","","","","","","","",""
"2021/08/16 4:37:15 PM GMT+7","SOR SOPHEAK","Female","0962220033","ssopheak2002@gmail.com","University student","Computer laptop","ITC","Year 2","GIC","","","","","","","",""
"2021/08/16 5:00:40 PM GMT+7","Ork Vireakboth","Male","092564479","Bothzin007@gmail.com","University student","Computer laptop;Smart phone","Other","Year 1","ICT ","University of Puthisastra ","","","","","","",""
"2021/08/16 5:22:39 PM GMT+7","Thorn vattana ","Male","070995635","vattana2121@gmail.com","University student","Computer laptop","Other","","Computer Science ","","","","","","","",""
"2021/08/16 6:36:48 PM GMT+7","Chea sreymom","Female","011708249","SreymomChea9988@gmail.com","Highschool student","Computer laptop","","","","","Sok An Phnom high school","Takeo ","11","","","",""
"2021/08/16 7:03:39 PM GMT+7","Touch mai","Male","081618825","Mai touch150@gmail.com","University student","Computer desktop;Smart phone","Other","Year 1","English literature ","University of Cambodia ","","","","","","",""
"2021/08/16 7:13:20 PM GMT+7","Bun Linin","Male","0976779304","bunlinin@gmail.com","University student","Computer laptop","ITC","Year 3","GIC","","","","","","","",""
"2021/08/16 7:16:09 PM GMT+7","Sophorn Mengsun ","Male","077399947","mengsunsophorn@gmail.com","University student","Computer laptop","Other","Year 1","Financial Technology ( Fintech ) ","","","","","","","",""
"2021/08/16 7:16:28 PM GMT+7","Vorn Vinisokphirom ","Male","012912412","vornvinisokpirum@gmail.com","University student","Computer laptop;Smart phone","ITC","Year 2","GCI","","","","","","","",""
"2021/08/16 7:17:06 PM GMT+7","VANN Nonsak","Male","098629760","vannnonzak14@gmail.com","University student","Smart phone","ITC","Year 3","field","","","","","","","",""
"2021/08/16 7:17:16 PM GMT+7","Sophorn Mengsun","Male","077399947","mengsunsophorn@gmail.com","University student","Computer laptop","Other","Year 1","Financial Technology ( Fintech ) ","Acleda Institute Of Business","","","","","","",""
"2021/08/16 7:22:30 PM GMT+7","Bun Linin","Male","0976779304","bunlinin@gmail.com","University student","Computer laptop;Smart phone","ITC","Year 3","GIC","","","","","","","",""
"2021/08/16 7:23:43 PM GMT+7","Bun Linin","Male","0976779304","bunlinin@gmail.com","University student","Computer laptop;Smart phone","ITC","Year 3","GIC","","","","","","","",""
"2021/08/16 8:48:34 PM GMT+7","SROY SEAVMENG ","Female","0966972528","sroyseavmeng28@gmail.com","University student","Smart phone","ITC","Year 2","GIC","","","","","","","",""
"2021/08/16 8:56:41 PM GMT+7","Sam Khema ","Female","069924123 ","Kemasam2001@gmail.com ","University student","Tablet;Smart phone","ITC","Year 3","GIC","","","","","","","",""
"2021/08/16 8:57:06 PM GMT+7","Ngov Socheatdalin ","Female","0962671287","dal88246@gmail.com ","University student","Smart phone","ITC","Year 3","GIC ","","","","","","","",""
"2021/08/16 9:00:02 PM GMT+7","TEM SREYPICH","Female","015967892","temsreypich85@gmail.com","University student","Computer desktop;Smart phone","ITC","Year 2","GIC","","","","","","","",""
"2021/08/16 9:15:30 PM GMT+7","THA CHANSOPHARONG","Female","0967851515","sopharongtha13@gmail.com","University student","Smart phone","ITC","Year 2","Information Technology","","","","","","","",""
"2021/08/16 9:33:42 PM GMT+7","CHHUN LEANGHENG ","Male","012892444","chhunleangheng89@gmail.com","University student","Computer laptop","ITC","Year 2","GEE","","","","","","","",""
"2021/08/16 9:56:23 PM GMT+7","NOK sreyneang","Female","0969578593","Nok sreyneang.nok@student.niptict.edu.kh","University student","Computer laptop;Smart phone","Other","Year 1","Computer science","CATD intitude","","","","","","",""
"2021/08/16 9:59:51 PM GMT+7","HENG VISOTHI","Male","092988985","hengvisothie20190282@gmail.com","University student","Computer laptop;Smart phone","ITC","Year 2"," Basic computer, 2) Algorithm and Programming, 3) Web development (basic).","","","","","","","",""
"2021/08/17 2:15:38 AM GMT+7","Aing sopheak","Male","078644611","Aingsopheak13@gmail.com ","University student","Computer desktop","ITC","Year 2","Gic","","","","","","","",""
"2021/08/17 7:55:29 AM GMT+7","Heng Taimengly","Male","085858298","mmengly996@gmail.com","University student","Computer laptop","Other","Year 2","IT","Regional Polytechnic Institute Techo Sen Battambang","","","","","","",""
"2021/08/17 9:19:25 AM GMT+7","CHIMLEANG Sopanhvong","Male","061777948","chimleangsopanhvong1@gmail.com","University student","Computer laptop","ITC","Year 3","GIM","","","","","","","",""
"2021/08/17 10:25:01 AM GMT+7","សុខ រិទ្ធី","Male","010236506","Rithysok703@gmail.com","University student","Computer laptop;Tablet","ITC","Year 2","GIC","","","","","","","",""
"2021/08/17 1:14:51 PM GMT+7","SAPHY JULAY","Male","016953814","yulaysaphy@gmail.com ","University student","Computer laptop","ITC","Year 2","I2-GRU","","","","","","","",""
"2021/08/17 7:18:46 PM GMT+7","Khon rithy","Male","0973920087","Khonrithy158@gmail.com","University student","Computer laptop","ITC","Year 3","GIC","","","","","","","",""
"2021/08/17 10:08:08 PM GMT+7","HENG CHHAYHONG ","Male","078907322","heng87878787@gmail.com","University student","Smart phone","ITC","Year 3","GIC","","","","","","","",""